<?xml version="1.0" encoding="UTF-8"?>
<ivy-module version="2.0" xmlns:m="http://ant.apache.org/ivy/maven">
	<info organisation="org.grails"
		module="grails"
		revision="1.3.7"
		status="release"
		publication="20200721175728"
	>
		<description homepage="" />
		<m:dependency.management__org.springframework__spring-context-support__scope>runtime</m:dependency.management__org.springframework__spring-context-support__scope>
		<m:dependency.management__org.springframework__spring-beans__exclusion_0>commons-logging__commons-logging</m:dependency.management__org.springframework__spring-beans__exclusion_0>
		<m:dependency.management__org.springframework__spring-oxm__version>3.0.5.RELEASE</m:dependency.management__org.springframework__spring-oxm__version>
		<m:dependency.management__org.springframework__spring-webmvc__scope>runtime</m:dependency.management__org.springframework__spring-webmvc__scope>
		<m:dependency.management__org.springframework__spring-orm__scope>runtime</m:dependency.management__org.springframework__spring-orm__scope>
		<m:dependency.management__org.springframework__spring-web__exclusion_0>commons-logging__commons-logging</m:dependency.management__org.springframework__spring-web__exclusion_0>
		<m:dependency.management__org.springframework__spring-instrument__exclusion_0>commons-logging__commons-logging</m:dependency.management__org.springframework__spring-instrument__exclusion_0>
		<m:dependency.management__org.springframework__spring-asm__exclusion_0>commons-logging__commons-logging</m:dependency.management__org.springframework__spring-asm__exclusion_0>
		<m:dependency.management__org.springframework__spring-webmvc__version>3.0.5.RELEASE</m:dependency.management__org.springframework__spring-webmvc__version>
		<m:dependency.management__org.springframework__spring-test__exclusion_0>commons-logging__commons-logging</m:dependency.management__org.springframework__spring-test__exclusion_0>
		<m:dependency.management__org.springframework__spring-aop__version>3.0.5.RELEASE</m:dependency.management__org.springframework__spring-aop__version>
		<m:dependency.management__org.springframework__spring-beans__version>3.0.5.RELEASE</m:dependency.management__org.springframework__spring-beans__version>
		<m:dependency.management__org.springframework__spring-aspects__version>3.0.5.RELEASE</m:dependency.management__org.springframework__spring-aspects__version>
		<m:dependency.management__org.springframework__spring-aspects__exclusion_0>commons-logging__commons-logging</m:dependency.management__org.springframework__spring-aspects__exclusion_0>
		<m:dependency.management__org.springframework__spring-expression__version>3.0.5.RELEASE</m:dependency.management__org.springframework__spring-expression__version>
		<m:dependency.management__org.springframework__spring-context__scope>runtime</m:dependency.management__org.springframework__spring-context__scope>
		<m:dependency.management__org.springframework__spring-core__version>3.0.5.RELEASE</m:dependency.management__org.springframework__spring-core__version>
		<m:dependency.management__org.springframework__spring-context-support__exclusion_0>commons-logging__commons-logging</m:dependency.management__org.springframework__spring-context-support__exclusion_0>
		<m:dependency.management__org.springframework__spring-jdbc__version>3.0.5.RELEASE</m:dependency.management__org.springframework__spring-jdbc__version>
		<m:dependency.management__org.springframework__spring-instrument__scope>runtime</m:dependency.management__org.springframework__spring-instrument__scope>
		<m:dependency.management__org.springframework__spring-context__exclusion_0>commons-logging__commons-logging</m:dependency.management__org.springframework__spring-context__exclusion_0>
		<m:dependency.management__org.springframework__spring-jms__exclusion_0>commons-logging__commons-logging</m:dependency.management__org.springframework__spring-jms__exclusion_0>
		<m:dependency.management__org.springframework__spring-orm__exclusion_0>commons-logging__commons-logging</m:dependency.management__org.springframework__spring-orm__exclusion_0>
		<m:dependency.management__org.springframework__spring-expression__exclusion_0>commons-logging__commons-logging</m:dependency.management__org.springframework__spring-expression__exclusion_0>
		<m:dependency.management__org.springframework__spring-aspects__scope>runtime</m:dependency.management__org.springframework__spring-aspects__scope>
		<m:dependency.management__org.springframework__spring-test__scope>runtime</m:dependency.management__org.springframework__spring-test__scope>
		<m:dependency.management__org.springframework__spring-beans__scope>runtime</m:dependency.management__org.springframework__spring-beans__scope>
		<m:dependency.management__org.springframework__spring-orm__version>3.0.5.RELEASE</m:dependency.management__org.springframework__spring-orm__version>
		<m:dependency.management__org.springframework__spring-context-support__version>3.0.5.RELEASE</m:dependency.management__org.springframework__spring-context-support__version>
		<m:dependency.management__org.springframework__spring-tx__version>3.0.5.RELEASE</m:dependency.management__org.springframework__spring-tx__version>
		<m:dependency.management__org.springframework__spring-tx__exclusion_0>commons-logging__commons-logging</m:dependency.management__org.springframework__spring-tx__exclusion_0>
		<m:dependency.management__org.springframework__spring-web__scope>runtime</m:dependency.management__org.springframework__spring-web__scope>
		<m:dependency.management__org.aspectj__aspectjrt__scope>runtime</m:dependency.management__org.aspectj__aspectjrt__scope>
		<m:dependency.management__org.springframework__spring-web__version>3.0.5.RELEASE</m:dependency.management__org.springframework__spring-web__version>
		<m:dependency.management__org.springframework__spring-core__exclusion_0>commons-logging__commons-logging</m:dependency.management__org.springframework__spring-core__exclusion_0>
		<m:dependency.management__org.aspectj__aspectjrt__version>1.6.8</m:dependency.management__org.aspectj__aspectjrt__version>
		<m:dependency.management__org.springframework__spring-aop__scope>runtime</m:dependency.management__org.springframework__spring-aop__scope>
		<m:dependency.management__org.springframework__spring-tx__scope>runtime</m:dependency.management__org.springframework__spring-tx__scope>
		<m:dependency.management__org.aspectj__aspectjweaver__version>1.6.8</m:dependency.management__org.aspectj__aspectjweaver__version>
		<m:dependency.management__org.springframework__spring-oxm__exclusion_0>commons-logging__commons-logging</m:dependency.management__org.springframework__spring-oxm__exclusion_0>
		<m:dependency.management__org.springframework__spring-webmvc__exclusion_0>commons-logging__commons-logging</m:dependency.management__org.springframework__spring-webmvc__exclusion_0>
		<m:dependency.management__org.springframework__spring-core__scope>runtime</m:dependency.management__org.springframework__spring-core__scope>
		<m:dependency.management__org.springframework__spring-asm__version>3.0.5.RELEASE</m:dependency.management__org.springframework__spring-asm__version>
		<m:dependency.management__org.springframework__spring-jdbc__scope>runtime</m:dependency.management__org.springframework__spring-jdbc__scope>
		<m:dependency.management__org.springframework__spring-oxm__scope>runtime</m:dependency.management__org.springframework__spring-oxm__scope>
		<m:dependency.management__aopalliance__aopalliance__version>1.0</m:dependency.management__aopalliance__aopalliance__version>
		<m:dependency.management__org.springframework__spring-context__version>3.0.5.RELEASE</m:dependency.management__org.springframework__spring-context__version>
		<m:dependency.management__org.springframework__spring-aop__exclusion_0>commons-logging__commons-logging</m:dependency.management__org.springframework__spring-aop__exclusion_0>
		<m:dependency.management__org.springframework__spring-instrument__version>3.0.5.RELEASE</m:dependency.management__org.springframework__spring-instrument__version>
		<m:dependency.management__org.springframework__spring-asm__scope>runtime</m:dependency.management__org.springframework__spring-asm__scope>
		<m:dependency.management__org.springframework__spring-jms__version>3.0.5.RELEASE</m:dependency.management__org.springframework__spring-jms__version>
		<m:dependency.management__org.springframework__spring-expression__scope>runtime</m:dependency.management__org.springframework__spring-expression__scope>
		<m:dependency.management__org.springframework__spring-jdbc__exclusion_0>commons-logging__commons-logging</m:dependency.management__org.springframework__spring-jdbc__exclusion_0>
		<m:dependency.management__org.springframework__spring-test__version>3.0.5.RELEASE</m:dependency.management__org.springframework__spring-test__version>
		<m:dependency.management__org.springframework__spring-jms__scope>runtime</m:dependency.management__org.springframework__spring-jms__scope>
	</info>
	<configurations>
		<conf name="default" visibility="public" description="runtime dependencies and master artifact can be used with this conf" extends="runtime,master"/>
		<conf name="master" visibility="public" description="contains only the artifact published by this module itself, with no transitive dependencies"/>
		<conf name="compile" visibility="public" description="this is the default scope, used if none is specified. Compile dependencies are available in all classpaths."/>
		<conf name="provided" visibility="public" description="this is much like compile, but indicates you expect the JDK or a container to provide it. It is only available on the compilation classpath, and is not transitive."/>
		<conf name="runtime" visibility="public" description="this scope indicates that the dependency is not required for compilation, but is for execution. It is in the runtime and test classpaths, but not the compile classpath." extends="compile"/>
		<conf name="test" visibility="private" description="this scope indicates that the dependency is not required for normal use of the application, and is only available for the test compilation and execution phases." extends="runtime"/>
		<conf name="system" visibility="public" description="this scope is similar to provided except that you have to provide the JAR which contains it explicitly. The artifact is always available and is not looked up in a repository."/>
		<conf name="sources" visibility="public" description="this configuration contains the source artifact of this module, if any."/>
		<conf name="javadoc" visibility="public" description="this configuration contains the javadoc artifact of this module, if any."/>
		<conf name="optional" visibility="public" description="contains all optional dependencies"/>
	</configurations>
	<publications>
	</publications>
	<dependencies>
		<dependency org="org.codehaus.groovy" name="groovy-all" rev="1.7.8" force="true" conf="compile->compile(*),master(*);runtime->runtime(*)">
			<exclude org="jline" module="jline" name="*" type="*" ext="*" conf="" matcher="exact"/>
		</dependency>
		<dependency org="org.slf4j" name="jcl-over-slf4j" rev="1.5.8" force="true" conf="compile->compile(*),master(*);runtime->runtime(*)"/>
		<dependency org="org.slf4j" name="jul-to-slf4j" rev="1.5.8" force="true" conf="compile->compile(*),master(*);runtime->runtime(*)"/>
		<dependency org="org.slf4j" name="slf4j-api" rev="1.5.8" force="true" conf="runtime->compile(*),runtime(*),master(*)"/>
		<override org="org.springframework" module="spring-aop" matcher="exact" rev="3.0.5.RELEASE"/>
		<override org="org.springframework" module="spring-asm" matcher="exact" rev="3.0.5.RELEASE"/>
		<override org="org.springframework" module="spring-aspects" matcher="exact" rev="3.0.5.RELEASE"/>
		<override org="org.springframework" module="spring-beans" matcher="exact" rev="3.0.5.RELEASE"/>
		<override org="org.springframework" module="spring-context" matcher="exact" rev="3.0.5.RELEASE"/>
		<override org="org.springframework" module="spring-context-support" matcher="exact" rev="3.0.5.RELEASE"/>
		<override org="org.springframework" module="spring-core" matcher="exact" rev="3.0.5.RELEASE"/>
		<override org="org.springframework" module="spring-expression" matcher="exact" rev="3.0.5.RELEASE"/>
		<override org="org.springframework" module="spring-instrument" matcher="exact" rev="3.0.5.RELEASE"/>
		<override org="org.springframework" module="spring-jdbc" matcher="exact" rev="3.0.5.RELEASE"/>
		<override org="org.springframework" module="spring-jms" matcher="exact" rev="3.0.5.RELEASE"/>
		<override org="org.springframework" module="spring-orm" matcher="exact" rev="3.0.5.RELEASE"/>
		<override org="org.springframework" module="spring-oxm" matcher="exact" rev="3.0.5.RELEASE"/>
		<override org="org.springframework" module="spring-tx" matcher="exact" rev="3.0.5.RELEASE"/>
		<override org="org.springframework" module="spring-web" matcher="exact" rev="3.0.5.RELEASE"/>
		<override org="org.springframework" module="spring-webmvc" matcher="exact" rev="3.0.5.RELEASE"/>
		<override org="org.springframework" module="spring-test" matcher="exact" rev="3.0.5.RELEASE"/>
		<override org="aopalliance" module="aopalliance" matcher="exact" rev="1.0"/>
		<override org="org.aspectj" module="aspectjweaver" matcher="exact" rev="1.6.8"/>
		<override org="org.aspectj" module="aspectjrt" matcher="exact" rev="1.6.8"/>
	</dependencies>
</ivy-module>
