<?xml version="1.0" encoding="UTF-8"?>
<ivy-module version="2.0" xmlns:m="http://ant.apache.org/ivy/maven">
	<info organisation="org.grails"
		module="grails-core"
		revision="2.3.4"
		status="release"
		publication="20131205120216"
	>
		<license name="The Apache Software License, Version 2.0" url="http://www.apache.org/licenses/LICENSE-2.0.txt" />
		<description homepage="http://grails.org/">
		Grails Web Application Framework
		</description>
	</info>
	<configurations>
		<conf name="default" visibility="public" description="runtime dependencies and master artifact can be used with this conf" extends="runtime,master"/>
		<conf name="master" visibility="public" description="contains only the artifact published by this module itself, with no transitive dependencies"/>
		<conf name="compile" visibility="public" description="this is the default scope, used if none is specified. Compile dependencies are available in all classpaths."/>
		<conf name="provided" visibility="public" description="this is much like compile, but indicates you expect the JDK or a container to provide it. It is only available on the compilation classpath, and is not transitive."/>
		<conf name="runtime" visibility="public" description="this scope indicates that the dependency is not required for compilation, but is for execution. It is in the runtime and test classpaths, but not the compile classpath." extends="compile"/>
		<conf name="test" visibility="private" description="this scope indicates that the dependency is not required for normal use of the application, and is only available for the test compilation and execution phases." extends="runtime"/>
		<conf name="system" visibility="public" description="this scope is similar to provided except that you have to provide the JAR which contains it explicitly. The artifact is always available and is not looked up in a repository."/>
		<conf name="sources" visibility="public" description="this configuration contains the source artifact of this module, if any."/>
		<conf name="javadoc" visibility="public" description="this configuration contains the javadoc artifact of this module, if any."/>
		<conf name="optional" visibility="public" description="contains all optional dependencies"/>
	</configurations>
	<publications>
		<artifact name="grails-core" type="jar" ext="jar" conf="master"/>
		<artifact name="grails-core" type="source" ext="jar" conf="sources" m:classifier="sources"/>
		<artifact name="grails-core" type="javadoc" ext="jar" conf="javadoc" m:classifier="javadoc"/>
	</publications>
	<dependencies>
		<dependency org="commons-collections" name="commons-collections" rev="3.2.1" force="true" conf="compile->compile(*),master(*);runtime->runtime(*)">
			<exclude org="commons-logging" module="commons-logging" name="*" type="*" ext="*" conf="" matcher="exact"/>
		</dependency>
		<dependency org="commons-io" name="commons-io" rev="2.1" force="true" conf="compile->compile(*),master(*);runtime->runtime(*)">
			<exclude org="commons-logging" module="commons-logging" name="*" type="*" ext="*" conf="" matcher="exact"/>
		</dependency>
		<dependency org="org.aspectj" name="aspectjweaver" rev="1.7.2" force="true" conf="runtime->compile(*),runtime(*),master(*)">
			<exclude org="commons-logging" module="commons-logging" name="*" type="*" ext="*" conf="" matcher="exact"/>
		</dependency>
		<dependency org="org.springframework" name="spring-context" rev="3.2.5.RELEASE" force="true" conf="compile->compile(*),master(*);runtime->runtime(*)">
			<exclude org="commons-logging" module="commons-logging" name="*" type="*" ext="*" conf="" matcher="exact"/>
		</dependency>
		<dependency org="org.springframework" name="spring-beans" rev="3.2.5.RELEASE" force="true" conf="compile->compile(*),master(*);runtime->runtime(*)">
			<exclude org="commons-logging" module="commons-logging" name="*" type="*" ext="*" conf="" matcher="exact"/>
		</dependency>
		<dependency org="com.googlecode.concurrentlinkedhashmap" name="concurrentlinkedhashmap-lru" rev="1.3.1" force="true" conf="compile->compile(*),master(*);runtime->runtime(*)">
			<exclude org="commons-logging" module="commons-logging" name="*" type="*" ext="*" conf="" matcher="exact"/>
		</dependency>
		<dependency org="oro" name="oro" rev="2.0.8" force="true" conf="runtime->compile(*),runtime(*),master(*)">
			<exclude org="commons-logging" module="commons-logging" name="*" type="*" ext="*" conf="" matcher="exact"/>
		</dependency>
		<dependency org="xalan" name="serializer" rev="2.7.1" force="true" conf="runtime->compile(*),runtime(*),master(*)">
			<exclude org="xml-apis" module="xml-apis" name="*" type="*" ext="*" conf="" matcher="exact"/>
			<exclude org="commons-logging" module="commons-logging" name="*" type="*" ext="*" conf="" matcher="exact"/>
		</dependency>
		<dependency org="org.springframework" name="spring-aspects" rev="3.2.5.RELEASE" force="true" conf="compile->compile(*),master(*);runtime->runtime(*)">
			<exclude org="commons-logging" module="commons-logging" name="*" type="*" ext="*" conf="" matcher="exact"/>
		</dependency>
		<dependency org="javax.servlet" name="javax.servlet-api" rev="3.0.1" force="true" conf="provided->compile(*),provided(*),runtime(*),master(*)">
			<exclude org="commons-logging" module="commons-logging" name="*" type="*" ext="*" conf="" matcher="exact"/>
		</dependency>
		<dependency org="asm" name="asm" rev="3.3.1" force="true" conf="runtime->compile(*),runtime(*),master(*)">
			<exclude org="commons-logging" module="commons-logging" name="*" type="*" ext="*" conf="" matcher="exact"/>
		</dependency>
		<dependency org="org.aspectj" name="aspectjrt" rev="1.7.2" force="true" conf="runtime->compile(*),runtime(*),master(*)">
			<exclude org="commons-logging" module="commons-logging" name="*" type="*" ext="*" conf="" matcher="exact"/>
		</dependency>
		<dependency org="org.codehaus.groovy" name="groovy-all" rev="2.1.9" force="true" conf="compile->compile(*),master(*);runtime->runtime(*)">
			<exclude org="commons-logging" module="commons-logging" name="*" type="*" ext="*" conf="" matcher="exact"/>
		</dependency>
		<dependency org="junit" name="junit" rev="4.11" force="true" conf="test->runtime(*),master(*)">
			<exclude org="commons-logging" module="commons-logging" name="*" type="*" ext="*" conf="" matcher="exact"/>
		</dependency>
		<dependency org="cglib" name="cglib" rev="2.2.2" force="true" conf="runtime->compile(*),runtime(*),master(*)">
			<exclude org="commons-logging" module="commons-logging" name="*" type="*" ext="*" conf="" matcher="exact"/>
		</dependency>
		<dependency org="org.springframework" name="spring-tx" rev="3.2.5.RELEASE" force="true" conf="compile->compile(*),master(*);runtime->runtime(*)">
			<exclude org="commons-logging" module="commons-logging" name="*" type="*" ext="*" conf="" matcher="exact"/>
		</dependency>
		<dependency org="org.springframework" name="spring-expression" rev="3.2.5.RELEASE" force="true" conf="compile->compile(*),master(*);runtime->runtime(*)">
			<exclude org="commons-logging" module="commons-logging" name="*" type="*" ext="*" conf="" matcher="exact"/>
		</dependency>
		<dependency org="org.grails" name="grails-bootstrap" rev="2.3.4" force="true" conf="compile->compile(*),master(*);runtime->runtime(*)">
			<exclude org="org.apache.ant" module="ant" name="*" type="*" ext="*" conf="" matcher="exact"/>
			<exclude org="net.java.dev.jna" module="jna" name="*" type="*" ext="*" conf="" matcher="exact"/>
			<exclude org="org.apache.ant" module="ant-trax" name="*" type="*" ext="*" conf="" matcher="exact"/>
			<exclude org="org.codehaus.gant" module="gant_groovy1.8" name="*" type="*" ext="*" conf="" matcher="exact"/>
			<exclude org="org.apache.ant" module="ant-launcher" name="*" type="*" ext="*" conf="" matcher="exact"/>
			<exclude org="jline" module="jline" name="*" type="*" ext="*" conf="" matcher="exact"/>
			<exclude org="org.apache.ivy" module="ivy" name="*" type="*" ext="*" conf="" matcher="exact"/>
			<exclude org="org.fusesource.jansi" module="jansi" name="*" type="*" ext="*" conf="" matcher="exact"/>
			<exclude org="commons-logging" module="commons-logging" name="*" type="*" ext="*" conf="" matcher="exact"/>
			<exclude org="org.apache.ant" module="ant-junit" name="*" type="*" ext="*" conf="" matcher="exact"/>
		</dependency>
		<dependency org="org.slf4j" name="jcl-over-slf4j" rev="1.7.5" force="true" conf="compile->compile(*),master(*);runtime->runtime(*)">
			<exclude org="commons-logging" module="commons-logging" name="*" type="*" ext="*" conf="" matcher="exact"/>
		</dependency>
		<dependency org="org.slf4j" name="slf4j-api" rev="1.7.5" force="true" conf="compile->compile(*),master(*);runtime->runtime(*)">
			<exclude org="commons-logging" module="commons-logging" name="*" type="*" ext="*" conf="" matcher="exact"/>
		</dependency>
		<dependency org="org.springframework" name="spring-web" rev="3.2.5.RELEASE" force="true" conf="compile->compile(*),master(*);runtime->runtime(*)">
			<exclude org="commons-logging" module="commons-logging" name="*" type="*" ext="*" conf="" matcher="exact"/>
		</dependency>
		<dependency org="org.springframework" name="spring-core" rev="3.2.5.RELEASE" force="true" conf="compile->compile(*),master(*);runtime->runtime(*)">
			<exclude org="commons-logging" module="commons-logging" name="*" type="*" ext="*" conf="" matcher="exact"/>
		</dependency>
		<dependency org="org.spockframework" name="spock-core" rev="0.7-groovy-2.0" force="true" conf="test->runtime(*),master(*)">
			<exclude org="junit" module="junit-dep" name="*" type="*" ext="*" conf="" matcher="exact"/>
			<exclude org="org.codehaus.groovy" module="groovy-all" name="*" type="*" ext="*" conf="" matcher="exact"/>
			<exclude org="commons-logging" module="commons-logging" name="*" type="*" ext="*" conf="" matcher="exact"/>
		</dependency>
		<dependency org="aopalliance" name="aopalliance" rev="1.0" force="true" conf="runtime->compile(*),runtime(*),master(*)">
			<exclude org="commons-logging" module="commons-logging" name="*" type="*" ext="*" conf="" matcher="exact"/>
		</dependency>
		<dependency org="org.hibernate.javax.persistence" name="hibernate-jpa-2.0-api" rev="1.0.1.Final" force="true" conf="compile->compile(*),master(*);runtime->runtime(*)">
			<exclude org="commons-logging" module="commons-logging" name="*" type="*" ext="*" conf="" matcher="exact"/>
		</dependency>
		<dependency org="commons-validator" name="commons-validator" rev="1.3.1" force="true" conf="compile->compile(*),master(*);runtime->runtime(*)">
			<exclude org="commons-beanutils" module="commons-beanutils" name="*" type="*" ext="*" conf="" matcher="exact"/>
			<exclude org="xml-apis" module="xml-apis" name="*" type="*" ext="*" conf="" matcher="exact"/>
			<exclude org="commons-digester" module="commons-digester" name="*" type="*" ext="*" conf="" matcher="exact"/>
			<exclude org="commons-logging" module="commons-logging" name="*" type="*" ext="*" conf="" matcher="exact"/>
		</dependency>
		<dependency org="org.springframework" name="spring-context-support" rev="3.2.5.RELEASE" force="true" conf="compile->compile(*),master(*);runtime->runtime(*)">
			<exclude org="commons-logging" module="commons-logging" name="*" type="*" ext="*" conf="" matcher="exact"/>
		</dependency>
		<dependency org="commons-lang" name="commons-lang" rev="2.6" force="true" conf="compile->compile(*),master(*);runtime->runtime(*)">
			<exclude org="commons-logging" module="commons-logging" name="*" type="*" ext="*" conf="" matcher="exact"/>
		</dependency>
		<dependency org="org.springframework" name="spring-aop" rev="3.2.5.RELEASE" force="true" conf="compile->compile(*),master(*);runtime->runtime(*)">
			<exclude org="commons-logging" module="commons-logging" name="*" type="*" ext="*" conf="" matcher="exact"/>
		</dependency>
		<dependency org="org.grails" name="grails-spring" rev="2.3.4" force="true" conf="compile->compile(*),master(*);runtime->runtime(*)">
			<exclude org="commons-logging" module="commons-logging" name="*" type="*" ext="*" conf="" matcher="exact"/>
		</dependency>
	</dependencies>
</ivy-module>
